{"cameraMode":{"drawMode":0,"name":"Shaded","section":"Shading Mode"},"sceneLighting":false,"audioPlay":false,"sceneViewState":{"m_AlwaysRefresh":false,"showFog":true,"showSkybox":false,"showFlares":true,"showImageEffects":true,"showParticleSystems":true,"showVisualEffectGraphs":true,"m_FxEnabled":true},"in2DMode":false,"pivot":{"x":0.27157849073410036,"y":0.22960954904556275,"z":2.387824058532715},"rotation":{"x":0.17806996405124665,"y":-0.8106570243835449,"z":0.3123851716518402,"w":0.46211689710617068},"size":0.651502251625061,"orthographic":false}